Time (s),Amplitude (V)
0.0,-0.004489683950883354
2e-05,-0.0014872500076458994
4e-05,-0.01895410456443431
6.000000000000001e-05,-0.008862300074936559
8e-05,-0.021835879287295294
0.0001,-0.031214861783947945
0.00012000000000000002,-0.027313746107365883
0.00014000000000000001,-0.007835995095403829
0.00016,-0.009925897167463688
0.00018,-0.013114144422792736
0.0002,-0.027984852842167087
0.00022,-0.007708277250850505
0.00024000000000000003,-0.010996363658147974
0.00026000000000000003,-0.014683841376623059
0.00028000000000000003,-0.012180597361201908
0.00030000000000000003,-0.003985895016393774
0.00032,-0.0027806970226767714
0.00034,0.0009207629128605908
0.00036,-0.017145120683913686
0.00038,-0.036908450636869566
0.0004,-0.032607875955367724
0.00042,-0.007438607929419574
0.00044,0.0160332137442517
0.00046,-0.01311601172593176
0.00048000000000000007,-0.0077170692555404985
0.0005,-0.010405995716130446
0.0005200000000000001,-0.013694003932167579
0.00054,-0.004999998802891944
0.0005600000000000001,-0.024463744874339045
0.00058,-0.03344320821060098
0.0006000000000000001,-0.004279881582462284
0.00062,-0.008067130538643118
0.00064,0.010212531136817287
0.0006600000000000001,0.0016324817697511845
0.00068,-0.017032430534994737
0.0007000000000000001,-0.026710820511699877
0.00072,-0.03129683841614869
0.0007400000000000001,-0.023401579556268922
0.00076,-0.00811739655943463
0.0007800000000000001,-0.0024188428901520224
0.0008,-0.0019124899830106484
0.0008200000000000001,-0.012090101190018604
0.00084,-0.023366057537056912
0.0008600000000000001,-0.027352957322763098
0.00088,-0.006477130992988491
0.0009000000000000001,-0.001377651203016042
0.00092,-0.00017230221319899843
0.0009400000000000001,-0.013844655432365509
0.0009600000000000001,-0.014037219961985137
0.0009800000000000002,-0.015627672764510707
0.001,-0.02320913286381712
0.00102,-0.001634335658746238
0.0010400000000000001,-0.013709052975635471
0.0010600000000000002,-0.016198146754460244
0.00108,-0.017688724056196262
0.0011,-0.016982612310202202
0.0011200000000000001,-0.016775729598299947
0.0011400000000000002,-0.007083076024022061
0.00116,-0.0038806782402382783
0.00118,-0.003074695527304102
0.0012000000000000001,-0.00925820220559033
0.0012200000000000002,0.0015328193559032127
0.00124,-0.011939759980392473
0.00126,-0.021917565402880073
0.00128,-0.006733116441429444
0.0013000000000000002,-0.017310028788704277
0.0013200000000000002,-0.013208950050169782
0.00134,-0.01749528332826772
0.00136,-0.0109977757748913
0.0013800000000000002,-0.011589640083771084
0.0014000000000000002,0.008787041699023484
0.00142,0.0034023770825920207
0.00144,-0.02055441970208769
0.0014600000000000001,-0.0278362313726609
0.0014800000000000002,-0.007759089264515155
0.0015,0.015413430950645587
0.00152,0.010028789305731148
0.0015400000000000001,-0.01592499342015629
0.0015600000000000002,-0.03169405138756623
0.00158,-0.03238572242754795
0.0016,0.005464807289772081
0.0016200000000000001,0.01096386267691957
0.0016400000000000002,0.0036820924054999857
0.0016600000000000002,0.004987433803352809
0.00168,-0.0017950638469943188
0.0017000000000000001,-0.015567095557180641
0.0017200000000000002,-0.03183536517940554
0.0017400000000000002,-0.020345270280007866
0.00176,0.001529254754265139
0.0017800000000000001,0.007927006254327643
0.0018000000000000002,0.0008449633389897245
0.0018200000000000002,-0.02381069980744032
0.00184,-0.019709501415890868
0.00186,-0.018204393607630803
0.0018800000000000002,-0.010508578857739256
0.0019000000000000002,-0.0016145571123393444
0.0019200000000000003,0.002087263948530143
0.00194,-0.013981249495191122
0.0019600000000000004,-0.026854561920567937
0.00198,-0.025748837080633503
0.002,-0.02114833827485022
0.00202,-0.012453994118304907
0.00204,-0.02213207672526481
0.00206,-0.0033528409208328277
0.0020800000000000003,-0.005042893477894094
0.0021000000000000003,-0.024007023103688834
0.0021200000000000004,-0.024199320868851164
0.00214,-0.011111535224116554
0.00216,-0.0016183371503919039
0.00218,-0.007901485526836532
0.0022,-0.01448417240006613
0.00222,-0.017472247511511607
0.0022400000000000002,-0.0030863835863437624
0.0022600000000000003,-0.006174302080581758
0.0022800000000000003,-0.013855320047510535
0.0023000000000000004,-0.011850861707657699
0.00232,-0.012642214181329435
0.00234,-0.007342697460076429
0.00236,-0.005038682010568233
0.00238,-0.008725658859165465
0.0024000000000000002,-0.018203967345559128
0.0024200000000000003,-0.021691244411138358
0.0024400000000000003,-0.015093649336157028
0.0024600000000000004,-0.004302341295962142
0.00248,0.0053906217198999495
0.0025,-0.0013917006566944168
0.00252,-0.013665766816405966
0.00254,-0.015156021862350575
0.00256,-0.022237873369604484
0.0025800000000000003,-0.020033659274035512
0.0026000000000000003,-0.005248300700519241
0.0026200000000000004,-0.0009472156525528195
0.0026400000000000004,0.0005580586055799791
0.00266,-0.012015532872479567
0.00268,-0.011408893581978713
0.0027,-0.008305992184636882
0.00272,-0.03146370049845224
0.0027400000000000002,-0.024866035298009223
0.0027600000000000003,-0.011877942827951129
0.0027800000000000004,0.004704761445394593
0.0028000000000000004,0.0013174110139084496
0.00282,-0.01365254771739683
0.00284,-0.016041376853906854
0.00286,-0.012239484075575466
0.00288,-0.014828009183822023
0.0029000000000000002,-0.018315173922621962
0.0029200000000000003,-0.019106386076826586
0.0029400000000000003,-0.012708379300844824
0.0029600000000000004,-0.005411708593458698
0.0029800000000000004,-0.010796010765353135
0.003,-0.014582695135832737
0.00302,-0.015274031090614298
0.00304,-0.01127240553193021
0.0030600000000000002,-0.02694126171367228
0.0030800000000000003,-0.023838271062031905
0.0031000000000000003,-0.01324651832564597
0.0031200000000000004,0.0004406126364391062
0.0031400000000000004,0.003144206706595748
0.00316,-0.007132715231025306
0.00318,-0.019406626468183866
0.0032,-0.019698524169967677
0.00322,-0.00441377141771442
0.0032400000000000003,-0.004805497453724539
0.0032600000000000003,0.008482255827687142
0.0032800000000000004,-0.012778164479298866
0.0033000000000000004,-0.008776477573264524
0.0033200000000000005,-0.01475980073361663
0.00334,-0.010158988279326426
0.00336,-0.011748903213521638
0.00338,-0.005550483096632607
0.0034000000000000002,-0.004045029950033316
0.0034200000000000003,-0.013323378508986662
0.0034400000000000003,-0.017409517018847978
0.0034600000000000004,-0.017401795168490344
0.0034800000000000005,-0.009505900479235363
0.0035,-0.004305963832731074
0.00352,-0.005396577441037708
0.00354,-0.02216368471536437
0.0035600000000000002,-0.02265518764216723
0.0035800000000000003,-0.017255526641928465
0.0036000000000000003,-0.0305278503308134
0.0036200000000000004,0.0035288393129324714
0.0036400000000000004,-0.0032532145049890496
0.0036600000000000005,0.01592580768646001
0.00368,-0.0033375237385530106
0.0037,-0.010319253743233227
0.00372,-0.02548870512663143
0.0037400000000000003,-0.02627972328797055
0.0037600000000000003,-0.013391247191457603
0.0037800000000000004,-0.0007024716911890345
0.0038000000000000004,-0.0038898802974939002
0.0038200000000000005,-0.00817561892380691
0.0038400000000000005,-0.011063474847659552
0.00386,-0.021739626513269047
0.00388,-0.023628960980153574
0.0039000000000000003,-0.009542249115964503
0.003920000000000001,0.012532473402040917
0.00394,0.0026551473904420776
0.00396,-0.0008317810603629028
0.00398,-0.012406548385611062
0.004,-0.033866502844574445
0.00402,-0.021477213168858672
0.00404,0.004391850523672946
0.00406,0.009492067962953108
0.00408,0.00959979024484359
0.0041,-0.015554585166195622
0.00412,-0.02752872969627625
0.0041400000000000005,-0.023726548139428174
0.0041600000000000005,-0.004946817239827726
0.0041800000000000006,0.014631725006138909
0.004200000000000001,-0.010123230598284233
0.004220000000000001,-0.017104836288411963
0.004240000000000001,-0.011804870317128723
0.004260000000000001,-0.0028104397451480254
0.00428,-0.00889338669291989
0.0043,-0.02046809218603675
0.00432,-0.011373794508886067
0.00434,-0.004476191401343359
0.00436,0.010708980439121645
0.00438,-0.005259119468567714
0.0044,-0.028216723427349242
0.00442,-0.027709523641015452
0.00444,-0.010826881656350628
0.00446,-0.005526847841928379
0.0044800000000000005,0.020941422759340363
0.0045000000000000005,-0.0014170559081809215
0.004520000000000001,-0.022078078873441796
0.004540000000000001,-0.03535017741912969
0.004560000000000001,-0.02585642607515216
0.004580000000000001,0.008799594804498045
0.004600000000000001,0.010604893077844103
0.00462,0.012210490823147195
0.00464,-0.014641205470474365
0.00466,-0.02342002357255444
0.00468,-0.025409003528130497
0.0047,-0.012919712403645159
0.00472,6.883206803439887e-05
0.00474,-0.005315050013506118
0.00476,-0.017788288797588883
0.00478,-0.015283993089159186
0.0048000000000000004,-0.0029943681964181837
0.0048200000000000005,-0.010674797847632003
0.0048400000000000006,0.006707204278411129
0.004860000000000001,-0.010558834638807526
0.004880000000000001,-0.018139382145033436
0.004900000000000001,-0.014536707625839258
0.004920000000000001,-0.02641082129817052
0.004940000000000001,-0.018414723395907166
0.00496,0.018138545826131034
0.00498,0.012155620819584765
0.005,-0.012399450981918742
0.00502,-0.018582056716019
0.00504,-0.02356647011035845
0.00506,0.0011046375139245792
0.00508,0.0081022575792623
0.0051,0.01589870396826204
0.00512,-0.01135228648763238
0.0051400000000000005,-0.031214367375030347
0.0051600000000000005,-0.022219703981170034
0.005180000000000001,-0.005037339368478834
0.005200000000000001,0.007452088222968171
0.005220000000000001,-0.003722998491855302
0.005240000000000001,-0.00950615474711778
0.005260000000000001,-0.022778078387537145
0.005280000000000001,-0.01468205981192203
0.0053,-0.009281984230518165
0.00532,-0.011770071852653458
0.00534,-0.02184676463314483
0.00536,-0.029127651950551073
0.00538,-0.008051073274980686
0.0054,-0.011038389812684079
0.00542,5.318386800713367e-05
0.00544,-0.0008372761651747806
0.0054600000000000004,0.0031649457753302173
0.0054800000000000005,-0.0049147186757665644
0.0055000000000000005,-0.005705296406550365
0.005520000000000001,-0.013185849853316032
0.005540000000000001,-0.017471187096926643
0.005560000000000001,-0.007777486791287306
0.005580000000000001,-0.0027767383755947705
0.005600000000000001,-0.008659659068432758
0.005620000000000001,-0.002959961851209017
0.00564,-0.012637185181976773
0.00566,-0.00983313136995391
0.00568,-0.013319627634329997
0.0057,-0.004624389894778182
0.00572,0.0031721935428603966
0.00574,-0.0074036494878426395
0.00576,-0.02217321078946923
0.00578,-0.016972722664859313
0.0058000000000000005,-0.008976414138118238
0.0058200000000000005,-0.0030769622762185965
0.005840000000000001,-0.005465069396566297
0.005860000000000001,-0.0035596105956495518
0.005880000000000001,-0.0069462048445057024
0.005900000000000001,-0.017222465237630068
0.005920000000000001,-0.012421338359888286
0.005940000000000001,-0.0016291946776749366
0.005960000000000001,-0.014900946160335493
0.00598,-0.012695914543411202
0.006,-0.014784424055346267
0.00602,-0.00898477541841834
0.00604,-0.007977916411482735
0.00606,-0.004674515286682672
0.00608,-0.004067057088648289
0.0061,-0.0012628796480730277
0.0061200000000000004,-0.0015540707565491222
0.0061400000000000005,-0.016722933864809844
0.0061600000000000005,-0.03688429195483727
0.006180000000000001,-0.021399131972882346
0.006200000000000001,0.011859378091182657
0.006220000000000001,0.009970613625364066
0.006240000000000001,-0.007494776698373203
0.006260000000000001,-0.01697214126979404
0.006280000000000001,-0.02295474643120006
0.006300000000000001,-0.010964311040492778
0.00632,-0.006762186085240346
0.00634,-0.019834152756446552
0.00636,-0.005047886952793091
0.00638,0.006443319863647402
0.0064,-0.011820837161645155
0.00642,-0.010913736351398579
0.00644,-0.01020633591286878
0.0064600000000000005,-0.004107019809764668
0.0064800000000000005,-0.032156481204173054
0.006500000000000001,-0.026356713154418735
0.006520000000000001,-0.006378202108906597
0.006540000000000001,0.009806016360197442
0.006560000000000001,-0.0044640977662545114
0.006580000000000001,-0.020930906270448683
0.006600000000000001,-0.018026751560676627
0.006620000000000001,-0.011727704992867242
0.006640000000000001,0.0046562289620474115
0.00666,-0.0009268854861000631
0.00668,-0.008706694302990809
0.0067,-0.0056028240804118536
0.00672,-0.011285761266754917
0.00674,0.0009044745560826081
0.00676,-0.015861831981225392
0.0067800000000000004,-0.00856423338427252
0.0068000000000000005,-0.02103696889571137
0.0068200000000000005,0.0012381693939451123
0.006840000000000001,-0.007839654313661824
0.006860000000000001,-0.008330351029368382
0.006880000000000001,-0.006923886476305284
0.006900000000000001,-0.005018183287735512
0.006920000000000001,-0.0029127548018389295
0.006940000000000001,-0.014686516135969298
0.006960000000000001,-0.009286028505616203
0.006980000000000001,-0.008478639960030867
0.007,-0.004975298487809308
0.00702,-0.00536610222975272
0.00704,-0.0028612476790936033
0.00706,-0.009942007054619072
0.00708,-0.01213011411533749
0.0071,-0.016215357463204745
0.0071200000000000005,-0.009916170238100616
0.0071400000000000005,-0.012603510647232228
0.0071600000000000006,-0.0036083654269720563
0.007180000000000001,-0.004897787988877244
0.007200000000000001,-0.006886144457173256
0.007220000000000001,-0.01666282618077025
0.007240000000000001,-0.003773495560937613
0.007260000000000001,-0.013749872518855854
0.007280000000000001,-0.00785005553577018
0.007300000000000001,-0.008939742351347132
0.007320000000000001,-0.006534669662847636
0.00734,-0.005327794273656222
0.00736,-0.013107431597309486
0.00738,-0.007507132395090587
0.0074,-0.013689161369855311
0.00742,-0.006391401133889311
0.00744,-0.014570413965995788
0.0074600000000000005,-0.005475340007715919
0.0074800000000000005,0.002521374444205787
0.007500000000000001,-0.007454926689574665
0.007520000000000001,-0.011739768919896325
0.007540000000000001,-0.016324149201727187
0.007560000000000001,0.0034549188645347987
0.007580000000000001,-0.003825414016773644
0.007600000000000001,-0.01190454834981109
0.007620000000000001,-0.008001638967463039
0.007640000000000001,-0.012685846448501497
0.007660000000000001,-0.01796916491452062
0.007680000000000001,-0.007575979863608013
0.0077,-0.0145567240951416
0.00772,0.00022986993081982113
0.00774,-0.005452809030914522
0.00776,-0.0016497314908620183
0.0077800000000000005,-0.011026860024015437
0.0078000000000000005,0.00026500001738098255
0.00782,0.0017715557417923612
0.007840000000000001,-0.0004163581120820532
0.00786,-0.005300199829606062
0.00788,-0.009784655502234526
0.0079,-0.0009890272816785598
0.00792,-0.015458487499778304
0.007940000000000001,-0.0011710707701721298
0.00796,0.0030314687109449824
0.007980000000000001,-0.007244267816296242
0.008,-0.002043221060083252
0.008020000000000001,-0.006527625920917166
0.00804,-0.01890020864184286
0.008060000000000001,-0.01030422981916006
0.00808,0.0017865085785340672
0.008100000000000001,-0.0015995260301111024
0.00812,-0.0017903591034521783
0.008140000000000001,-0.006274748011504749
0.00816,-0.00017500088741420183
0.008180000000000002,-0.007854575885878413
0.0082,-0.009543133873653627
0.00822,-0.009334545369442108
0.00824,-0.00682938474555201
0.00826,-0.007419577573440228
0.008280000000000001,-0.014000777099046634
0.0083,-0.00220952516389081
0.008320000000000001,-0.004097757558046011
0.00834,-0.006185690148565128
0.008360000000000001,-0.020954580253000628
0.00838,-0.00806495795978521
0.008400000000000001,-0.012948675607715811
0.00842,-0.0034539596229211786
0.008440000000000001,-0.002746050887323901
0.00846,-0.010924816981339527
0.008480000000000001,-0.028189933463058883
0.0085,-0.0166981878452598
0.008520000000000002,-0.011297301583512004
0.00854,-0.006295805960233455
0.00856,-0.009781589333531399
0.00858,-0.006777077353038473
0.0086,-0.004271838488744351
0.008620000000000001,-0.01304964937962103
0.00864,-0.0016577201210602895
0.008660000000000001,-0.008438526602253093
0.00868,-0.003636699992502635
0.008700000000000001,-0.00991823266907321
0.00872,-0.005016542975490949
0.008740000000000001,0.011367927133650188
0.00876,-0.01338588891000525
0.008780000000000001,-0.009981944013046442
0.0088,-0.007576490915359424
0.008820000000000001,-0.013059200702280171
0.00884,-0.003065112224569806
0.008860000000000002,0.0005385588863111523
0.00888,0.002644474799844352
0.0089,-0.01482023783599555
0.00892,-0.011216551066127366
0.00894,-0.007912402215047768
0.008960000000000001,-0.005007658863141775
0.00898,-0.01777939379575666
0.009000000000000001,-0.006387370704762909
0.00902,-0.007276909240777233
0.009040000000000001,-0.0057700527015324965
0.00906,-0.009854792060465354
0.009080000000000001,-0.008547615510097013
0.0091,0.0038429307660246634
0.009120000000000001,-0.006332657414876763
0.00914,-0.008320529113964671
0.009160000000000001,-0.009110178295393954
0.00918,-0.011796993369691321
0.009200000000000002,-0.007893675250243065
0.00922,-0.00019605430409308728
0.00924,0.000711768389816912
0.009260000000000001,0.0005212317467854415
0.00928,-0.009055213250094082
0.009300000000000001,-0.01433809200665908
0.00932,-0.023714836023296767
0.009340000000000001,-0.008628263939712529
0.00936,-0.008119820413179813
0.009380000000000001,-0.0029183999138592516
0.0094,-0.0049062032769233875
0.009420000000000001,-0.00958994925517697
0.00944,-0.014772953366941934
0.009460000000000001,-0.010869566835151497
0.00948,-0.002073527760750758
0.009500000000000001,0.003527320201689536
0.00952,0.006731768701096428
0.009540000000000002,-0.014127692531632957
0.00956,-0.009725031094397771
0.00958,-0.012212035458356618
0.009600000000000001,-0.008807860456284537
0.00962,-0.006801602799273705
0.009640000000000001,0.00039688036075862616
0.00966,-0.0041869495388933975
0.009680000000000001,-0.011466736929274576
0.0097,-0.015151911906940898
0.009720000000000001,-0.019036772045863737
0.00974,-0.008842756467215322
0.009760000000000001,-0.003641250433408688
0.00978,-0.0063278922891306325
0.009800000000000001,-0.013308104719925305
0.00982,-0.00650896966636344
0.009840000000000002,-0.015785723537550686
0.00986,-0.013879240025916187
0.009880000000000002,-0.00997574227876687
0.0099,-0.01056550555789441
0.00992,-0.01315227243694778
0.009940000000000001,-0.005853856977954677
0.00996,-0.016528471769132833
0.009980000000000001,-0.0081316959701247
0.01,-0.0038287704627542832
0.010020000000000001,0.0011730993402109093
0.01004,-0.011398650374340718
0.010060000000000001,-0.018578484082895835
0.01008,-0.0038911117234036174
0.010100000000000001,-0.010871244297158316
0.01012,-0.004371572498865448
0.010140000000000001,-0.020438064859075126
0.01016,-0.009245425569842536
0.010180000000000002,-0.000549053260247975
0.0102,-0.01002540163787673
0.010220000000000002,-0.005622564711063785
0.01024,-0.013301598829451663
0.01026,-0.007101462540519413
0.010280000000000001,-0.014580780586660333
0.0103,-0.009079572549552885
0.010320000000000001,-0.0013816597715474348
0.01034,-0.005066664161666344
0.010360000000000001,-0.0053567465340748945
0.01038,-0.007843537822413961
0.010400000000000001,-0.009032268689861468
0.01042,-0.008523543310908576
0.010440000000000001,0.0006721620849010556
0.01046,-0.008704278805980367
0.010480000000000001,-0.022074717258870957
0.0105,-0.008086186247886469
0.010520000000000002,-0.0015864221296327304
0.01054,-0.002874953143229041
0.010560000000000002,-0.005661254088653584
0.01058,-0.029116533107100766
0.0106,-0.006241310068240856
0.010620000000000001,-0.005632678194555537
0.01064,0.00036786974389834423
0.010660000000000001,-0.004914646772034898
0.01068,0.007376481859186445
0.010700000000000001,0.0025932246432865454
0.01072,0.0015044177229444609
0.010740000000000001,-0.004277325698652422
0.01076,-0.0207430472797668
0.010780000000000001,-0.023928669784083145
0.0108,-0.01922613368406183
0.010820000000000001,-0.015621941863468356
0.01084,-0.0038300333909484403
0.010860000000000002,-0.0036207324946382086
0.01088,0.007372395163229997
0.010900000000000002,0.003887247100012361
0.010920000000000001,0.0005019422380939395
0.01094,-0.01167016962512533
0.010960000000000001,-0.01685275229450193
0.01098,-0.01145121355434496
0.011000000000000001,0.009427123666117879
0.01102,0.012931517028861647
0.011040000000000001,0.005751947162055044
0.01106,0.007059652013315838
0.011080000000000001,-0.005012569147527132
0.0111,-0.008996926310823128
0.011120000000000001,-0.00988590452089896
0.01114,-0.003086429453946841
0.011160000000000002,-0.007370313427660171
0.01118,-0.011154928547481562
0.011200000000000002,-0.0017593270307376015
0.01122,0.002044678804881471
0.011240000000000002,0.009443297209579826
0.011260000000000001,-0.004226488014642673
0.01128,-0.014900746950292695
0.011300000000000001,-0.01519057490456199
0.01132,-0.0110869986345308
0.011340000000000001,0.0009047511966632992
0.01136,0.0010143354597357023
0.011380000000000001,0.0026216707054864865
0.0114,-0.0018618382159145252
0.011420000000000001,-0.00504730151281505
0.01144,-0.014623167016204985
0.011460000000000001,0.002660673637232074
0.01148,0.0011726925488734976
0.011500000000000002,-0.013295818684701696
0.01152,-0.00469893623234059
0.011540000000000002,-0.0023925883937792464
0.01156,-0.005078764817667901
0.011580000000000002,-0.006466880699302201
0.011600000000000001,0.006323746908646734
0.01162,0.026703004964471328
0.011640000000000001,-0.02830467291692824
0.01166,-0.0006363369568264878
0.011680000000000001,7.243624105641392e-05
0.0117,-0.009103962075359972
0.011720000000000001,0.004086094349130597
0.01174,-0.006088789966410202
0.011760000000000001,-0.0023844888192274052
0.01178,-0.0053701478867154455
0.011800000000000001,-0.023133640625656413
0.01182,-0.007247593863116016
0.011840000000000002,-0.009434444740336442
0.01186,-0.017712139736936874
0.011880000000000002,-0.016104652196586428
0.0119,-0.012000916610260329
0.011920000000000002,-0.0034039091549896297
0.011940000000000001,0.005991895474206084
0.01196,0.007199994393602305
0.011980000000000001,0.020390122560126397
0.012,0.002926243103006541
0.012020000000000001,-0.0015570951923646464
0.01204,0.005941580864502387
0.012060000000000001,-0.002336058831038732
0.01208,-0.014507858143247503
0.012100000000000001,-0.01689432757666446
0.01212,-0.012590825739351722
0.012140000000000001,-0.005691208248646624
0.01216,-0.0014875479946432134
0.012180000000000002,-0.01895139245964317
0.0122,-0.009355795526055272
0.012220000000000002,-0.005251971290710761
0.012240000000000001,-0.013130165212972831
0.012260000000000002,-0.004932474239362997
0.012280000000000001,0.02113842009077907
0.0123,-0.031971904122145955
0.012320000000000001,0.0355368507418777
0.01234,-0.013779164759435867
0.012360000000000001,-0.005781136413092081
0.01238,0.013300261993033802
0.012400000000000001,-0.0164450732176586
0.01242,-0.00025931690688146174
0.012440000000000001,-0.005042096519659371
0.01246,-0.003933711374108814
0.012480000000000002,-0.013010040803528019
0.0125,-0.0051118260825518255
0.012520000000000002,-0.0012076236131866305
0.01254,0.01008551893917237
0.012560000000000002,-0.00877611246984484
0.012580000000000001,-0.005870390233645552
0.012600000000000002,-0.007557766525261557
0.012620000000000001,-0.007947082165756826
0.01264,0.0036456166090336668
0.012660000000000001,-0.0009373961289927449
0.01268,-0.010612770792191344
0.012700000000000001,-0.004312098293176374
0.01272,-0.005400339777143318
0.012740000000000001,-0.007287382198193265
0.01276,-0.0034829651915863737
0.012780000000000001,-0.00017777617319111524
0.0128,-0.004261501129317568
0.012820000000000002,-0.0018549601033204027
0.01284,-0.010531792843563273
0.012860000000000002,-0.006028378971341538
0.01288,-0.004121069578782357
0.012900000000000002,-0.0019142114159327785
0.012920000000000001,-0.003601497880101736
0.012940000000000002,-0.0013946284549471622
0.012960000000000001,-0.004679501847644935
0.01298,-0.015652847239270202
0.013000000000000001,-0.01204805317082898
0.01302,-0.014234574858511696
0.013040000000000001,-0.015322726311765397
0.01306,-0.0012336371127737045
0.013080000000000001,0.00287042803588949
0.0131,0.006774808372614676
0.013120000000000001,-0.006594902247470457
0.01314,-0.00558617875490584
0.013160000000000002,-0.013164556669067613
0.01318,-0.005665561500518901
0.013200000000000002,0.003930300928784685
0.01322,0.002742347675725832
0.013240000000000002,0.0009552989010156597
0.013260000000000001,-0.006822756065399713
0.013280000000000002,0.002373733201282135
0.013300000000000001,-0.013791727027349491
0.01332,0.0035924848214275214
0.013340000000000001,0.0009068200713506444
0.01336,0.0006175508402631277
0.013380000000000001,-0.007160470083635032
0.0134,-0.00794897645904148
0.013420000000000001,-0.011832820860075111
0.01344,-0.011323260813856439
0.013460000000000001,-0.007918041832161679
0.01348,-0.012700528399543729
0.013500000000000002,-0.00809708076337891
0.01352,-0.007088249449095279
0.013540000000000002,0.0006105532863511876
0.013560000000000001,-0.010462465500754498
0.013580000000000002,0.00033170724372189324
0.013600000000000001,-0.00604835823614328
0.013620000000000002,-4.698357058640886e-05
0.013640000000000001,0.0007621914920611615
0.01366,-0.008912905938239997
0.013680000000000001,-0.010799682241900555
0.0137,-0.01568195876114499
0.013720000000000001,-0.013375000434082305
0.01374,-0.014163409900616894
0.013760000000000001,-0.007762599417693583
0.01378,-0.005655329293326484
0.013800000000000002,0.0006456399546632733
0.01382,-0.005035393885804283
0.013840000000000002,0.000566647851258339
0.01386,-0.0016196349975448987
0.013880000000000002,-0.0012097871068326468
0.013900000000000001,-0.006591269779107229
0.013920000000000002,-0.009077063664061353
0.013940000000000001,-0.012960774444765405
0.013960000000000002,-0.012750608963384098
0.013980000000000001,0.003735132058219773
0.014,0.0044445575337284
0.014020000000000001,0.001858939685921468
0.01404,0.0009707635633534495
0.014060000000000001,-0.0027132073735562793
0.01408,-0.009292825803800248
0.014100000000000001,-0.004988764451841658
0.01412,-0.008972261261068268
0.014140000000000002,-0.004668188389268009
0.01416,-0.010049596309390375
0.014180000000000002,-0.011836376448210598
0.0142,-0.004936176174847203
0.014220000000000002,-0.0032281903428152507
0.014240000000000001,0.0010759113666047426
0.014260000000000002,-0.00819961796213539
0.014280000000000001,0.0008973047839505343
0.014300000000000002,-0.009476547779434703
0.014320000000000001,-0.005372128323071416
0.01434,-0.003065006641342895
0.014360000000000001,-0.0051512779364227225
0.01438,-0.02620910582994003
0.014400000000000001,-0.019009304619295907
0.01442,-0.008514433644689722
0.014440000000000001,-0.002013574715838907
0.01446,0.0007928451140866994
0.014480000000000002,-0.004488602716794862
0.0145,-0.009770059648592401
0.014520000000000002,-0.011057492938522144
0.01454,-0.006353893664676163
0.014560000000000002,0.0001470000722260112
0.014580000000000001,-0.008030086884503426
0.014600000000000002,-0.009916583227394426
0.014620000000000001,-0.010305343144123617
0.014640000000000002,-0.004303674662622047
0.014660000000000001,0.006890219847711606
0.01468,0.006501492285553117
0.014700000000000001,0.010206611263864568
0.01472,0.0019297272517624225
0.014740000000000001,-0.004050598871710448
0.01476,-0.01172837004262835
0.014780000000000001,-0.01041961759557877
0.0148,-0.006414911429829898
0.014820000000000002,-0.008600901747840633
0.01484,0.0010952848065479829
0.014860000000000002,-0.007381263735554552
0.01488,-0.0054733958159308375
0.014900000000000002,0.0014270076977567704
0.014920000000000001,0.0013378932894165785
0.014940000000000002,-0.004842064908307869
0.014960000000000001,-0.004831314936082199
0.014980000000000002,-0.0056193656589658015
0.015000000000000001,-0.009003520632149445
0.01502,-0.01438466376646707
0.015040000000000001,-0.018767289130717697
0.01506,-0.022051573843853787
0.015080000000000001,-0.005964909385062283
0.0151,0.005328966354767229
0.015120000000000001,0.007037214089139273
0.01514,0.004751464755938679
0.015160000000000002,-0.012611661030474829
0.01518,-0.012401156092440429
0.015200000000000002,-0.013688390790977226
0.015220000000000001,-0.016473365123866993
0.015240000000000002,-0.01915849579497446
0.015260000000000001,-0.006167122168989593
0.015280000000000002,-6.541374403830607e-05
0.015300000000000001,0.019715775161579373
0.015320000000000002,-0.006234425525136537
0.015340000000000001,-0.005824168143803678
0.015360000000000002,-0.007910147390530843
0.015380000000000001,-0.003705565739593828
0.0154,-0.004892888861258997
0.015420000000000001,-0.003284405514437849
0.01544,-0.001875606724734343
0.015460000000000002,-0.006258123425588799
0.01548,-0.017430437722888038
0.015500000000000002,-0.01592178342768727
0.01552,-0.005226885169063413
0.015540000000000002,-0.0008225657978703903
0.015560000000000001,0.008773994602945118
0.015580000000000002,9.79524048279768e-05
0.015600000000000001,-0.005382872580072994
0.015620000000000002,-0.0032750666866122463
0.01564,-0.004062923015772371
0.01566,-0.007347030840677364
0.015680000000000003,-0.005738455666025472
0.015700000000000002,0.00026352420345995744
0.01572,0.0032700040792747664
0.01574,-0.0035088344424475644
0.01576,-0.009588713157411551
0.015780000000000002,-0.013072475824822101
0.0158,-0.015457882857515926
0.01582,-0.01155272894338277
0.01584,0.011323993305075507
0.015860000000000003,0.00045133483633976834
0.015880000000000002,0.007851261037138381
0.0159,0.0008727796354313622
0.01592,0.0035797609442458104
0.015940000000000003,0.011478968424076785
0.015960000000000002,-0.013672236033947741
0.01598,-0.015358635600192874
0.016,-0.01754429260552218
0.016020000000000003,-0.0014573351232898876
0.016040000000000002,0.008538748889843087
0.01606,0.013941734752362767
0.01608,0.00326884725518169
0.0161,-0.012596254475080115
0.016120000000000002,-0.009489802740750328
0.01614,-0.0012909774941114909
0.01616,0.00221488203082423
0.01618,-0.0011689086434088125
0.016200000000000003,0.008627517857949955
0.016220000000000002,0.007939701951004395
0.01624,-0.0025334471985238817
0.01626,-0.015103437051844037
0.016280000000000003,-0.009600532651875628
0.016300000000000002,-0.0037980791091714507
0.01632,0.0022040857985188033
0.01634,0.0024149502154584097
0.016360000000000003,-0.0011684918375481942
0.016380000000000002,-0.007847286491292705
0.0164,-0.012828624257135893
0.01642,-0.003531365329893942
0.01644,0.004068433836119539
0.016460000000000002,0.00897229113504119
0.01648,0.004490225943017171
0.0165,-0.003786130802031948
0.01652,-0.008168331264793745
0.016540000000000003,-0.01215111497548732
0.016560000000000002,-0.004351574302846916
0.01658,-0.007835097447285758
0.0166,0.008052328750342062
0.016620000000000003,0.006266268552774753
0.016640000000000002,0.0072760149605811935
0.01666,-0.010186516669255725
0.01668,-0.019161772973542966
0.016700000000000003,-0.014557401321317472
0.016720000000000002,-0.0029634998529459427
0.01674,-0.007445486571158909
0.01676,-0.0016428794962332805
0.01678,-0.0003335327108765383
0.016800000000000002,-0.00022238224035402718
0.01682,-0.011993411646780779
0.01684,-0.00818778925999434
0.01686,-0.0025848572522612877
0.016880000000000003,0.0028183754589669566
0.016900000000000002,-0.007454869273649388
0.01692,0.0019423785142750282
0.01694,-0.0033383392266757013
0.016960000000000003,0.0012661112223475443
0.016980000000000002,-0.0028163919949859865
0.017,0.0032858310256665803
0.01702,-0.008285432303646078
0.017040000000000003,-0.009172705984639937
0.017060000000000002,-0.009061491471308272
0.01708,-0.01633917556024097
0.0171,-0.0025484444731514325
0.01712,0.021027602140895343
0.017140000000000002,0.008058467615355393
0.01716,-0.011600611636406142
0.01718,-0.010890244471181709
0.0172,-0.003489920380070977
0.017220000000000003,-0.0074724978135992815
0.017240000000000002,-0.009258369759606203
0.01726,-0.014039741525685705
0.01728,-0.002944918306324532
0.017300000000000003,0.0015597830815630336
0.017320000000000002,-0.003820671529896281
0.01734,-0.004707868580418358
0.01736,-0.024866135236189402
0.017380000000000003,-0.022358403390185425
0.017400000000000002,-0.01146324881813121
0.01742,0.0020280070854309913
0.01744,0.011924676904804211
0.01746,-0.0019430041148807793
0.017480000000000002,-0.02140229503505792
0.0175,-0.011805164857117254
0.01752,-0.002807114825222062
0.01754,0.0068898803133531535
0.017560000000000003,0.004904401021447936
0.017580000000000002,-0.002972231301819224
0.0176,-0.019935227945470913
0.01762,-0.005645104096386652
0.017640000000000003,-0.00463503796253209
0.017660000000000002,-0.003924538618685195
0.01768,0.011364115604738677
0.0177,-0.010890908256769936
0.017720000000000003,-0.023460454302821645
0.017740000000000002,-0.008071943814841933
0.01776,0.0020245297493846235
0.01778,-0.0026568297017828344
0.0178,0.00943665022012542
0.017820000000000003,0.009248554555594514
0.01784,-0.013605527312811967
0.01786,-0.015491061500653817
0.01788,-0.003796967597534626
0.017900000000000003,0.0016065923886542936
0.017920000000000002,-0.0033742818626986875
0.01794,0.012413701114561061
0.01796,0.016319504344967838
0.017980000000000003,0.008343157633144941
0.018000000000000002,0.0016648572666393365
0.01802,-0.02348573588360618
0.01804,-0.019779598334877663
0.018060000000000003,-0.006088439789273549
0.018080000000000002,0.012195843984482386
0.0181,0.009910988283989489
0.01812,-0.00026202930551776993
0.01814,-0.007239844295043015
0.018160000000000003,0.0058522590035599495
0.01818,-0.00611804350694763
0.0182,-0.0026115616511145044
0.01822,-0.008191444044382578
0.018240000000000003,-0.005383903615127937
0.018260000000000002,-0.015656730368637583
0.01828,0.0018288239140229973
0.0183,-0.0003561318275760667
0.018320000000000003,0.0036496507828576753
0.018340000000000002,0.000266505133098875
0.01836,-0.0049139229377153865
0.01838,-0.0033045412660995133
0.018400000000000003,0.004295873404457631
0.018420000000000002,-0.022152650394569002
0.01844,0.030380380598558764
0.01846,-0.029118548609425473
0.01848,0.0009481780602563681
0.018500000000000003,-0.02330360646524323
0.018520000000000002,0.015849518078723583
0.01854,0.008372579265193398
0.01856,-0.010487275820239521
0.018580000000000003,-0.008977669426774377
0.018600000000000002,-0.007667762132734251
0.01862,-0.002363845635215465
0.01864,-0.00464853292323683
0.018660000000000003,-0.009329633585776693
0.018680000000000002,-0.005423591111501263
0.0187,-0.007308863759583525
0.01872,-0.006498167344203337
0.018740000000000003,0.0057952956604567195
0.018760000000000002,0.005407802264772603
0.01878,-0.004665156501104512
0.0188,-0.012641262281202714
0.01882,-0.0014461089261993557
0.018840000000000003,-0.005028803365460382
0.018860000000000002,0.008962163139945793
0.01888,0.005279643509057963
0.0189,0.000798338528880079
0.018920000000000003,-0.002285067318554313
0.018940000000000002,-0.015553187022258209
0.01896,-0.008651550565338721
0.01898,4.7380854765793814e-05
0.019000000000000003,-0.0030359997695091163
0.019020000000000002,0.015448283507725607
0.01904,0.0038776462266274505
0.01906,0.022461779914024177
0.019080000000000003,-0.02046181175611739
0.019100000000000002,-0.026141256003538317
0.01912,-0.004062348919857868
0.01914,0.021211775780664233
0.01916,0.02391976711101017
0.019180000000000003,-0.015309333135535518
0.019200000000000002,-0.015297291929193806
0.01922,-0.012589296502521878
0.01924,0.01847618125730732
0.019260000000000003,0.012896625440561386
0.019280000000000002,-0.0018691322825369902
0.0193,-0.01124298789050132
0.01932,-0.013926856525930498
0.019340000000000003,-0.003530360307359137
0.019360000000000002,0.005767807473011607
0.01938,0.00018828974181513526
0.0194,-0.004193004360898142
0.019420000000000003,-0.004580304068452744
0.019440000000000002,-0.00267103045243726
0.01946,-0.011645424499257448
0.01948,-0.012232395579870128
0.0195,-0.006928201116301902
0.019520000000000003,0.004367026476097769
0.019540000000000002,0.006875418213529253
0.01956,-0.002797897851826963
0.01958,0.00789824767780544
0.019600000000000003,0.007011756792784977
0.019620000000000002,0.004427836314020562
0.01964,0.004440017423267679
0.01966,0.00025849661790908066
0.019680000000000003,0.00047038096261063254
0.019700000000000002,-0.003810979744960301
0.01972,-0.008891125706525851
0.01974,-0.0007910540863930462
0.019760000000000003,-0.005771334573892566
0.019780000000000002,0.003027703710760205
0.0198,0.018516729023792006
0.01982,-0.007631794023323515
0.01984,0.000867720332810548
0.019860000000000003,0.006771130992683307
0.019880000000000002,-0.005598045553303857
0.0199,-0.02335911145641208
0.01992,-0.014060779802349635
0.019940000000000003,0.005222602868854407
0.019960000000000002,0.01012754860062278
0.01998,0.010339529049224569
0.02,0.013547036753534154
0.020020000000000003,-0.00591145639462453
0.020040000000000002,-0.005200193256579524
0.02006,-0.015772008436174347
0.02008,-0.014960879749569778
0.020100000000000003,-0.0053629322011114165
0.020120000000000002,0.01302184911269366
0.02014,0.007242869172929805
0.02016,0.0011643674361979247
0.02018,-0.0029171487366203425
0.020200000000000003,-0.012290701550454758
0.020220000000000002,-0.0008954117724751468
0.02024,0.01129869100713611
0.02026,0.007317053324867525
0.020280000000000003,-0.008047485528238366
0.020300000000000002,-0.007136448124275798
0.02032,0.0018624841025473814
0.02034,-0.009408194643777132
0.020360000000000003,-0.0058011750576334575
0.020380000000000002,0.0020994119800944993
0.0204,-0.002281576269462982
0.02042,-0.002169291700448767
0.020440000000000003,-0.004153847354313832
0.020460000000000002,-0.0075363191640874004
0.02048,-0.0034300122192921553
0.0205,-0.006013649614439589
0.02052,-0.006001185319055628
0.020540000000000003,0.001200499694427785
0.020560000000000002,-0.003979243241847623
0.02058,-0.007062103182893308
0.0206,-0.013639740864361245
0.020620000000000003,-0.005739076006468013
0.020640000000000002,0.00655500901454999
0.02066,0.007166619964470512
0.02068,-0.005901237172919002
0.020700000000000003,-0.008285119139852234
0.020720000000000002,-0.0017823294913829465
0.02074,-0.004266051117967592
0.02076,0.00043944799930081303
0.020780000000000003,0.00015245368563456853
0.020800000000000003,-0.008222407567936534
0.02082,0.0020747271407122714
0.02084,0.0026863967190695905
0.02086,-0.007585601202116837
0.020880000000000003,-0.00248066712652142
0.020900000000000002,-0.007760137139979011
0.02092,-0.006349634895462368
0.02094,-0.002642574053534596
0.020960000000000003,-0.00402787420375118
0.020980000000000002,0.00317395414960673
0.021,-0.006698602200454672
0.02102,0.0076924683708428235
0.021040000000000003,0.0046097435187797305
0.021060000000000002,-0.0031659315890423504
0.02108,-5.792611951011299e-05
0.0211,-0.005836594102791503
0.021120000000000003,-0.01540955310550726
0.021140000000000003,-0.006210663427278797
0.02116,-0.00020697847914583154
0.02118,0.004099262156321235
0.0212,0.00011793053652874117
0.021220000000000003,-0.0015668275517927953
0.021240000000000002,-0.003650974892965472
0.02126,0.0009548351626258596
0.02128,0.003363952412675479
0.021300000000000003,-0.013298309023985759
0.021320000000000002,-0.002501762015030279
0.02134,0.00010708033745711028
0.02136,0.0055117298413653055
0.021380000000000003,0.005624313040186488
0.021400000000000002,-0.011936574702015661
0.02142,-0.012922313111204287
0.02144,-0.014706851474346076
0.021460000000000003,-0.0029117464287554025
0.021480000000000003,0.013875865163263995
0.021500000000000002,0.017982505773591263
0.02152,-0.007366657797778259
0.02154,-0.018836634808665893
0.021560000000000003,-0.020221737733826625
0.021580000000000002,0.001957832461309641
0.0216,0.018845336377286137
0.02162,0.004579570345961778
0.021640000000000003,-0.005093070042382804
0.021660000000000002,-0.001585462821887932
0.02168,0.00591613905818302
0.0217,0.011720311588004448
0.021720000000000003,-0.00723837813621654
0.021740000000000002,-0.0032315108082285812
0.02176,-0.004916090662849242
0.02178,0.0040833047800015645
0.021800000000000003,0.020970889857169796
0.021820000000000003,0.007503996657575721
0.021840000000000002,-0.018244471660144475
0.02186,-0.017632466257881126
0.02188,-0.005637516778243774
0.021900000000000003,0.00605786640514944
0.021920000000000002,0.008267504848841766
0.02194,0.004785666328820402
0.02196,-0.0061849080064688405
0.021980000000000003,-0.013461030789136161
0.022000000000000002,0.0009303484582974665
0.02202,0.006335216581300562
0.02204,0.003252822086871418
0.022060000000000003,0.0059617556565379004
0.022080000000000002,-0.005308351641019126
0.0221,-0.003797607101338754
0.02212,-0.004283864807031069
0.022140000000000003,-0.002573416455146512
0.022160000000000003,-0.005955328954069139
0.022180000000000002,0.0034436103936830134
0.0222,0.015838047453049703
0.02222,0.011058262172717883
0.022240000000000003,-0.007301138330162205
0.022260000000000002,-0.011082413221857972
0.02228,-0.003380906209003642
0.0223,0.006717027143781
0.022320000000000003,0.016515394249858015
0.022340000000000002,0.0005524319680461302
0.02236,-0.02948940892796566
0.02238,-0.002616630468099685
0.022400000000000003,0.00997757892112448
0.022420000000000002,0.00360026243683772
0.02244,0.0030142591603029307
0.02246,-0.011650622718636016
0.022480000000000003,-0.0050473983343386555
0.022500000000000003,0.000457483078685139
0.022520000000000002,-0.000527889149391789
0.02254,0.016759324062694536
0.02256,0.010382054612560258
0.022580000000000003,-0.005880385125228201
0.022600000000000002,-0.006865745344769929
0.02262,-0.011745249088102391
0.02264,0.00953601561822551
0.022660000000000003,0.012844251488632198
0.022680000000000002,0.011060126569566692
0.0227,0.0012879876155530365
0.02272,-0.00848414459335035
0.022740000000000003,0.00021602892497153432
0.022760000000000002,0.009016046973114287
0.02278,0.014620875383282992
0.0228,0.00015581337314924532
0.022820000000000003,0.013149574886640607
0.022840000000000003,-0.0061082979949186895
0.022860000000000002,-0.005595795181210006
0.02288,-0.017564587626493006
0.0229,-0.0019746889564205734
0.022920000000000003,0.0033306287414035566
0.022940000000000002,0.003144189856884888
0.02296,0.015339192186338916
0.02298,0.006765350249712998
0.023000000000000003,0.008675793293210412
0.023020000000000002,0.007191341364653487
0.02304,0.0037098723979869766
0.02306,-0.0024675227679151973
0.023080000000000003,-0.027316915488431345
0.023100000000000002,-0.01971498470484559
0.02312,0.00306420277935486
0.02314,0.03173454133374215
0.023160000000000004,0.012976040325751703
0.023180000000000003,0.007897035610357754
0.023200000000000002,0.000521470733343373
0.02322,0.0015333292614329963
0.02324,-0.0003504586520405662
0.023260000000000003,-0.002134387075737154
0.023280000000000002,0.017948892043761197
0.0233,0.003983248166045566
0.02332,-0.005389269870784551
0.023340000000000003,0.0007149970599896497
0.023360000000000002,-0.00136845532891452
0.02338,0.01512025076578882
0.0234,0.00814414985705602
0.023420000000000003,0.005761174800928449
0.023440000000000003,-0.0030122011069480484
0.02346,0.0006957020378439496
0.02348,0.004603302478192133
0.023500000000000004,0.01180598862891232
0.023520000000000003,0.006227836453456934
0.023540000000000002,0.008438006534799286
0.02356,-0.004529036646230788
0.02358,0.0016751500632234267
0.023600000000000003,0.0037855029028333142
0.023620000000000002,0.0030001944442097682
0.02364,0.013298272226538265
0.02366,0.0011300549462681373
0.023680000000000003,0.0039393890698900995
0.023700000000000002,-0.0031364618638097096
0.02372,0.0029679350536521002
0.02374,-0.0009126759603803837
0.023760000000000003,0.00289518262690467
0.023780000000000003,0.003607674572302687
0.0238,0.0033216912813437984
0.02382,-0.0033547077181507083
0.023840000000000004,-0.0029417382927994533
0.023860000000000003,0.004660467142050105
0.023880000000000002,0.00048034620317035205
0.0239,-0.004199031258093075
0.02392,-0.005483470278814611
0.023940000000000003,0.0075106584653894595
0.023960000000000002,-0.004357897660058395
0.02398,0.0010476348142376378
0.024,0.0043563125827328275
0.024020000000000003,-0.003018956513419666
0.024040000000000002,-0.0021066696909739094
0.02406,0.004896503473849515
0.02408,0.011100862093794767
0.024100000000000003,0.013910340769161724
0.024120000000000003,0.007134192479650989
0.02414,-0.003036850650941998
0.02416,0.00027188236207049184
0.024180000000000004,0.001483775591411518
0.024200000000000003,-0.00039968287103084223
0.024220000000000002,-0.010570698332797784
0.02424,-0.012054732226880142
0.02426,0.0010393597247155967
0.024280000000000003,-0.004538530836925403
0.024300000000000002,-0.004924194257526028
0.02432,-0.004411206417667287
0.02434,0.00408980913456704
0.024360000000000003,0.009595325694812898
0.024380000000000002,0.013203692955838585
0.0244,0.013616870768377684
0.02442,0.0011493576784974494
0.024440000000000003,-0.009820388049985685
0.024460000000000003,0.002275276274005701
0.024480000000000002,-0.009093851378337332
0.0245,0.005897480097759856
0.024520000000000004,0.008307693627712713
0.024540000000000003,-0.008852719653415435
0.024560000000000002,-0.005543847877109657
0.02458,0.006352167726466693
0.0246,0.005966593634364897
0.024620000000000003,0.0032844893486526816
0.024640000000000002,-0.00808458261213095
0.02466,-0.0027786670797965715
0.02468,0.009017515789405552
0.024700000000000003,0.017518656563864976
0.024720000000000002,0.003353811938030688
0.02474,-0.009712690917308473
0.02476,-0.008300890747616316
0.024780000000000003,0.007289639504790253
0.024800000000000003,0.004507745347950353
0.024820000000000002,0.019998436897904426
0.02484,0.0004417235220573329
0.024860000000000004,-0.017816942707032907
0.024880000000000003,-0.0068194816145058235
0.024900000000000002,0.01516151318452199
0.02492,0.011780544918653803
0.02494,0.0012103843288134367
0.024960000000000003,-0.006464130907583569
0.024980000000000002,0.013120487170691244
0.025,0.011137454670465317
0.02502,0.007656683670053987
0.025040000000000003,0.007670674119322643
0.025060000000000002,0.006885865038836894
0.02508,0.010893887366580559
0.0251,0.007712687586571941
0.025120000000000003,-0.012043633008173703
0.025140000000000003,-0.014625717549461409
0.025160000000000002,0.00655656190996801
0.02518,0.020150238348578778
0.025200000000000004,0.012775365417632665
0.025220000000000003,0.002404993594561488
0.025240000000000002,-0.011160582480644991
0.02526,-0.009049653101278275
0.02528,0.0069404632764146134
0.025300000000000003,0.01644031143642918
0.025320000000000002,0.03292969041328643
0.02534,-0.003501548172893174
0.02536,-0.019563339388888823
0.025380000000000003,-0.005370491314976478
0.025400000000000002,-0.0030598221193978347
0.02542,0.01912106084980452
0.02544,0.022030845353382792
0.025460000000000003,0.0051702977901640825
0.025480000000000003,0.0002917810097789733
0.025500000000000002,-0.0057849310730416345
0.02552,-0.0013773578823426764
0.025540000000000004,0.007124078001550663
0.025560000000000003,0.012430309670195733
0.025580000000000002,0.010747039549942073
0.0256,0.008065264599913621
0.02562,-0.0024048186825362675
0.025640000000000003,-0.004187920235067937
0.025660000000000002,-0.0011782052136569531
0.02568,0.013813555514738014
0.0257,0.00623915383492797
0.025720000000000003,0.005953841061463806
0.025740000000000002,-0.0035177026657262625
0.02576,0.0022878632957191447
0.02578,0.008892228005443256
0.025800000000000003,0.009904983784273489
0.025820000000000003,0.0013321276962308779
0.025840000000000002,0.006938016714392991
0.02586,0.009947802737526188
0.025880000000000004,0.010061942625600315
0.025900000000000003,0.012173098548451701
0.025920000000000002,0.008492940191822363
0.02594,0.0012181818400321801
0.02596,0.003129653759455547
0.025980000000000003,0.005740071768872476
0.026000000000000002,0.00036249102822607463
0.02602,0.006168149485354101
0.02604,0.011374698986561712
0.026060000000000003,0.015782463974130818
0.026080000000000002,0.006410893922766675
0.0261,-0.00016485352289001033
0.02612,-0.0022473274843281387
0.026140000000000004,-0.0073253151334976615
0.026160000000000003,0.0015757369977198693
0.026180000000000002,0.003387449628648772
0.0262,0.004500200640707518
0.026220000000000004,0.0208900464927371
0.026240000000000003,0.01930684902344467
0.026260000000000002,-0.004542922944326283
0.02628,0.0038589235982094813
0.0263,0.003274259514374315
0.026320000000000003,0.019863831619256964
0.026340000000000002,-0.00029145190559217143
0.02636,0.0022192641161574438
0.02638,-0.01334291584869807
0.026400000000000003,-0.02071734760042916
0.026420000000000003,0.0003655266969028294
0.02644,0.0042741642437096345
0.02646,0.005187317941430603
0.026480000000000004,-0.01197242433611347
0.026500000000000003,0.002120969813477891
0.026520000000000002,0.013618261043108948
0.02654,0.006842965843124146
0.026560000000000004,0.006058704592378498
0.026580000000000003,-0.003612229472989589
0.026600000000000002,0.0020937691247119184
0.02662,0.0025077318294376787
0.02664,0.0002257240454846144
0.026660000000000003,0.0017380508412271874
0.026680000000000002,-0.00014453181297516791
0.0267,0.01394893429418062
0.02672,0.0004837381616557201
0.026740000000000003,0.004292645847774713
0.026760000000000003,-0.002782128180058012
0.02678,-0.0014694634905406496
0.0268,-0.0007558927695512077
0.026820000000000004,0.020227272806965756
0.026840000000000003,0.009258392296791467
0.026860000000000002,0.00657706802953324
0.02688,-0.010382824789417232
0.026900000000000004,-0.0062743161956813325
0.026920000000000003,0.006720879635868313
0.026940000000000002,0.000644682534952412
0.02696,0.008747230667396848
0.02698,-0.0016225129423075796
0.027000000000000003,0.00018947976614938286
0.027020000000000002,0.004697427602246085
0.02704,-0.006171542785717863
0.02706,0.010018915016220157
0.027080000000000003,-0.0017487001054813794
0.027100000000000003,0.017736821267823902
0.027120000000000002,0.013457992923754122
0.02714,0.002589058791565487
0.027160000000000004,0.003402612490949919
0.027180000000000003,-0.008265113671267761
0.027200000000000002,-0.009847950192484863
0.02722,0.011634608753640006
0.027240000000000004,0.009452685578226394
0.027260000000000003,0.008768515185908186
0.027280000000000002,-0.006294076394147316
0.0273,-0.00398272631236184
0.02732,-0.0022704701404445363
0.027340000000000003,0.0071302709450374625
0.027360000000000002,0.011937900285720709
0.02738,0.004663660511952508
0.0274,0.011967561844601671
0.027420000000000003,0.010784201182086912
0.027440000000000003,-0.0028804393127777857
0.027460000000000002,0.0039242353835001135
0.02748,0.004438347472223266
0.027500000000000004,0.0165350947495958
0.027520000000000003,0.002970351017184251
0.027540000000000002,0.0035843376822590903
0.02756,-0.007584001604601113
0.027580000000000004,0.0035142778705288336
0.027600000000000003,0.00732349774227428
0.027620000000000002,0.0073384124465069095
0.02764,0.0026603627561871393
0.02766,0.005570960235328252
0.027680000000000003,0.00039367667075927096
0.027700000000000002,0.010094092289707764
0.02772,0.004916838265636261
0.02774,0.008326698626925783
0.027760000000000003,0.017627740391458122
0.027780000000000003,0.008556343184878743
0.027800000000000002,0.005475965166003896
0.02782,-0.012581935165889777
0.027840000000000004,-0.002581925112230902
0.027860000000000003,-0.006261367413213989
0.027880000000000002,0.009929374535792929
0.0279,-0.0019377941268712787
0.027920000000000004,0.008261965549273342
0.027940000000000003,0.016764266793346805
0.027960000000000002,0.006894129086375245
0.02798,0.012101381055310556
0.028,0.015111940995376804
0.028020000000000003,0.021617277624464575
0.028040000000000002,0.007154065205887539
0.02806,0.007967932933262506
0.02808,-5.004403138621737e-06
0.028100000000000003,-0.0045830177228074285
0.028120000000000003,-0.027333764613440684
0.028140000000000002,0.004134160628815702
0.02816,0.0008542095633396404
0.028180000000000004,0.00046993401882745867
0.028200000000000003,0.0058769723441704814
0.028220000000000002,0.008088806754607894
0.02824,0.012796905968025466
0.028260000000000004,0.0066213534379110355
0.028280000000000003,-0.003148813725098641
0.028300000000000002,-0.002135152158460281
0.02832,0.001274936440020762
0.02834,0.00917828387111248
0.028360000000000003,0.006797065854382838
0.028380000000000002,-0.0015751715273655403
0.0284,-0.010346782435089791
0.02842,0.006443259682762167
0.028440000000000003,0.01015293579497139
0.028460000000000003,-0.008403977245548968
0.028480000000000002,-0.001698780396173629
0.0285,0.004207617312488192
0.028520000000000004,0.00641956263481578
0.028540000000000003,0.007133769855057082
0.028560000000000002,-0.0071295451556266185
0.02858,-0.009510681715245224
0.028600000000000004,0.007778675593795074
0.028620000000000003,-0.0002938999411909839
0.028640000000000002,0.0073100005574737986
0.02866,0.002532488941785587
0.02868,0.004145392434871805
0.028700000000000003,0.003561603976602725
0.028720000000000002,-0.0006167841647293807
0.02874,0.00029720265774556883
0.02876,0.0025092370679635216
0.028780000000000003,0.006718287836253052
0.028800000000000003,0.01901521950396875
0.028820000000000002,0.017233273297606315
0.02884,-0.01380478578791548
0.028860000000000004,0.008477183010982233
0.028880000000000003,-0.00249094910198221
0.028900000000000002,0.0035154499001592474
0.02892,0.019107475328866794
0.028940000000000004,0.010336050056978062
0.028960000000000003,-0.0034278677042691268
0.028980000000000002,-0.016392971457009315
0.029,0.008984408143951291
0.02902,0.014192045353703867
0.029040000000000003,0.014107632039414831
0.029060000000000002,0.00254045098297527
0.02908,-0.008427606515124753
0.0291,0.016151003883629056
0.029120000000000004,0.017464528193165515
0.029140000000000003,0.015083600184713289
0.029160000000000002,0.008908367179303475
0.02918,0.017011732335405438
0.029200000000000004,0.008440109553674024
0.029220000000000003,0.009054717407957054
0.029240000000000002,0.01595990265260444
0.02926,0.0012974377984189293
0.029280000000000004,-0.0037794005897286292
0.029300000000000003,0.009116818992683384
0.029320000000000002,0.016720973180524304
0.02934,0.012742521876827872
0.02936,0.016152982765845356
0.029380000000000003,0.008679792034633465
0.029400000000000003,-0.0028872617108534927
0.02942,0.005216193403503183
0.02944,0.004932224526174654
0.029460000000000004,0.031308273380292545
0.029480000000000003,0.018742752672491897
0.029500000000000002,0.016961060826224506
0.02952,-0.002394263251204615
0.029540000000000004,-0.006971740623348028
0.029560000000000003,-0.00046584598515978567
0.029580000000000002,0.01642448169972186
0.0296,0.01693937953367534
0.029620000000000004,0.011463273039754612
0.029640000000000003,0.00838359372245679
0.029660000000000002,0.00021153950854890542
0.02968,0.00611837814806189
0.0297,0.006134065149471673
0.029720000000000003,0.00515126268247781
0.029740000000000003,0.0053666701301045
0.02976,0.0027862696550687155
0.02978,0.0013042264177902827
0.029800000000000004,0.010905585018996067
0.029820000000000003,0.009922805387437998
0.029840000000000002,0.006643496148766244
0.02986,-0.002327274249669227
0.029880000000000004,-0.004807776727432033
0.029900000000000003,0.003395697018211811
0.029920000000000002,-0.005075802195011719
0.02994,-6.750971270652693e-05
0.029960000000000004,-0.0017491753887236543
0.029980000000000003,0.0143424967156656
0.030000000000000002,-0.0042138397041957265
0.03002,0.003989679447616098
0.03004,0.012992012722743237
0.030060000000000003,0.011809633416631958
0.030080000000000003,0.0009417900360614087
0.030100000000000002,-0.0040348716849032094
0.03012,-0.0037194827322441382
0.030140000000000004,-0.0006082707258545121
0.030160000000000003,0.015283779132661952
0.030180000000000002,0.013003095645073242
0.0302,0.004631540309488416
0.030220000000000004,0.0028501205132971967
0.030240000000000003,0.006660324348195771
0.030260000000000002,-0.009299803349544812
0.03028,0.0042957251188569315
0.030300000000000004,0.022684085577792727
0.030320000000000003,0.015910188937140676
0.030340000000000002,0.0008487359837146997
0.03036,-0.008521255545828733
0.03038,-0.002015035688461911
0.030400000000000003,0.026558082975927655
0.030420000000000003,0.020083767535115257
0.030440000000000002,0.005721306516807708
0.03046,-0.013933204872518458
0.030480000000000004,-0.005429967808337894
0.030500000000000003,0.013657422664475224
0.030520000000000002,0.021162192871171596
0.03054,0.005401862240218672
0.030560000000000004,0.0038202623367320117
0.030580000000000003,-0.003652474209682925
0.030600000000000002,0.010242734205188092
0.03062,0.008661157206265004
0.030640000000000004,0.009675712853105797
0.030660000000000003,0.012886960620863096
0.030680000000000002,0.00751110896959701
0.0307,-0.0013594894698727416
0.030720000000000004,-0.00463846422729562
0.030740000000000003,0.009456488151930786
0.030760000000000003,0.011369734005785732
0.030780000000000002,0.014081794061628943
0.0308,0.004212721970516988
0.030820000000000004,0.017109517498998517
0.030840000000000003,-0.004841415670974049
0.030860000000000002,0.006058386260272062
0.03088,0.009469423582849268
0.030900000000000004,0.009086170995972578
0.030920000000000003,-8.390124812742913e-05
0.030940000000000002,0.010516388210986462
0.03096,0.001346331310380258
0.030980000000000004,-0.020005446993624016
0.031000000000000003,0.0024770365249873923
0.031020000000000002,0.012677945963238884
0.03104,0.01119639741018978
0.031060000000000004,0.007917538081874252
0.031080000000000003,0.007634207269100612
0.031100000000000003,0.010246522490481847
0.031120000000000002,0.005170397568378719
0.03114,0.004188121056214611
0.031160000000000004,-0.000588445338138564
0.031180000000000003,0.008813733961369818
0.031200000000000002,0.004436578784291716
0.03122,0.0003589893507270781
0.031240000000000004,0.0044691188581464135
0.03126,-0.000806657540680834
0.03128,0.014386866765106084
0.0313,0.008312299232848475
0.03132,0.02340598627633765
0.03134,0.0035521068937440546
0.031360000000000006,0.012255386781806266
0.031380000000000005,0.0020869944845130772
0.031400000000000004,-0.01417225463312571
0.031420000000000003,-0.00027673137763207893
0.03144,0.007627787742835322
0.03146,0.017529323508058886
0.03148,0.007860218330205207
0.0315,0.0057797309346105784
0.03152,-0.0038893587827739584
0.031540000000000006,0.007010704912663094
0.031560000000000005,0.00023729881304327717
0.031580000000000004,0.010138866070961323
0.0316,0.01235199323538878
0.03162,0.001085329109248051
0.03164,0.0007023616535185356
0.03166,0.009905020916352331
0.03168,0.009821612096581396
0.031700000000000006,0.002548996797150426
0.031720000000000005,0.006659311779885126
0.031740000000000004,-0.004707143632926677
0.031760000000000004,0.014680274548436973
0.03178,0.006009782535453399
0.0318,0.007524033342462931
0.03182,-0.01472606505899602
0.03184,0.010652396025499732
0.03186,0.011867112082174815
0.031880000000000006,0.005992459457772614
0.031900000000000005,-0.0035766302908511183
0.031920000000000004,0.005626129855232812
0.03194,0.009037591280340122
0.03196,0.009253834289722422
0.03198,0.010868007712990794
0.032,0.002497144318544301
0.03202,0.01459559660649301
0.032040000000000006,0.021202308227229388
0.032060000000000005,0.004144508444203963
0.032080000000000004,-0.004226308905083787
0.032100000000000004,0.0060748709776723055
0.03212,0.008987139061699309
0.03214,0.016093123241539393
0.03216,0.01311424774123156
0.03218,-0.00034889816181945567
0.0322,0.0015649041060924063
0.032220000000000006,0.009569578716549912
0.032240000000000005,0.008188332620828768
0.032260000000000004,0.006707256552590464
0.03228,0.0040279710211148225
0.0323,0.0034455549020747144
0.03232,0.0001671987111188048
0.03234,0.004177902345380271
0.03236,0.012881585503703852
0.032380000000000006,0.015893807766067383
0.032400000000000005,0.014113228363783696
0.032420000000000004,0.005742543741489045
0.032440000000000004,0.004461228493422638
0.03246,0.0065748228256617075
0.03248,0.013081853551834052
0.0325,0.012599353440308655
0.03252,0.009121370134864845
0.03254,0.006342348532316721
0.032560000000000006,0.008156438891796847
0.032580000000000005,0.012866190339089941
0.032600000000000004,0.011385247309236807
0.03262,0.015096502532106839
0.03264,0.00712531482967722
0.03266,0.0030482703312430057
0.03268,0.005960772352453552
0.0327,0.0038807524758640837
0.032720000000000006,0.007292518707864817
0.032740000000000005,0.0098056186655171
0.032760000000000004,0.015114556850265273
0.032780000000000004,0.015031577321771954
0.0328,0.010155796169002241
0.03282,0.0030833234994739342
0.03284,0.00010471431549402901
0.03286,0.01110513073416056
0.03288,0.009624297703495805
0.032900000000000006,0.013235825173657078
0.032920000000000005,0.002868327882245227
0.032940000000000004,0.007478383013072417
0.03296,0.006896210909816021
0.03298,0.006314061587821407
0.033,0.009725937987352004
0.03302,0.008944099069216031
0.03304,-0.00012529588286540154
0.033060000000000006,0.006681505927362885
0.033080000000000005,0.010992058203290281
0.033100000000000004,0.008812358008633862
0.033120000000000004,0.006133402302205224
0.03314,-0.0009389442699599317
0.03316,0.005268780923440902
0.03318,0.010877427732185006
0.0332,0.01229237414230214
0.03322,0.007017362731419196
0.033240000000000006,0.005336951440091839
0.033260000000000005,0.0009606150723159941
0.033280000000000004,0.007168387695316138
0.0333,0.010879925706981626
0.03332,0.0023099047741904207
0.03334,3.0431856353334633e-05
0.03336,0.011630161711990857
0.03338,0.012146520099531164
0.033400000000000006,-0.002214790555003827
0.033420000000000005,0.004192757755957283
0.033440000000000004,1.6183109374619947e-05
0.033460000000000004,-0.003361591962607
0.03348,0.0037449190970824204
0.0335,0.013647253556190862
0.03352,0.009969959136643444
0.03354,-0.0001975877100065023
0.03356,0.005111651530438119
0.033580000000000006,-0.0006624657763553404
0.033600000000000005,0.009140055689038248
0.033620000000000004,0.010355463134318555
0.03364,0.0013861583663740329
0.03366,0.00360007871359934
0.03368,0.00960831948721457
0.0337,0.004732894186534126
0.03372,0.005748636015880908
0.033740000000000006,0.012555707197215951
0.033760000000000005,0.00618256024810002
0.033780000000000004,0.009994141416637566
0.033800000000000004,0.01340631982156762
0.03382,0.009529439278740675
0.03384,0.008847792893327438
0.03386,0.0012764684863784265
0.03388,0.00848299123207716
0.0339,0.006503298799265682
0.033920000000000006,0.014708349398929777
0.033940000000000005,0.008834522656429164
0.033960000000000004,0.013844363014931926
0.03398,0.00507489897979925
0.034,0.006190605040277467
0.03402,0.0028130676403007576
0.03404,0.007323691420099112
0.03406,0.006542280096363512
0.034080000000000006,0.01584572933715417
0.034100000000000005,0.012967472391019967
0.034120000000000004,0.013184582047180217
0.034140000000000004,-0.0013761394863931464
0.03416,-0.0007596180166755378
0.03418,0.0003561599556162528
0.0342,0.006464460776483157
0.03422,0.012572769599146223
0.03424,0.012390516524068237
0.034260000000000006,0.0025228147018661277
0.034280000000000005,0.013324104346715795
0.034300000000000004,0.007150863436387392
0.03432,0.012360553067660592
0.03434,-0.0011017238274736475
0.03436,0.0062048434332949015
0.03438,0.018903329383441338
0.0344,0.014527432106854485
0.034420000000000006,0.006856493779981003
0.034440000000000005,-0.006106509416141406
0.034460000000000005,0.00010174825930798007
0.034480000000000004,0.01240087850067144
0.0345,0.013317079339380353
0.03452,0.007643175164897049
0.03454,0.0008709442336409072
0.03456,0.006380288195088901
0.03458,0.017281550865045542
0.034600000000000006,0.014103936256381316
0.034620000000000005,0.01621838767887787
0.034640000000000004,0.010045298124550288
0.03466,0.011760369809540198
0.03468,0.00628623531078143
0.0347,0.0037077621075881804
0.03472,0.005123314793455055
0.03474,0.013228841255790543
0.034760000000000006,0.016042302879354566
0.034780000000000005,0.015660576168076402
0.034800000000000005,0.015578400656316712
0.034820000000000004,0.0078077704694219634
0.03484,0.0031324920524921683
0.03486,0.004448248457567176
0.03488,-0.023891503220230526
0.0349,0.008877089021219553
0.03492,0.011091513954287134
0.034940000000000006,0.013206109177750086
0.034960000000000005,0.004037627723314964
0.034980000000000004,0.01394055450859677
0.035,0.009165502867270426
0.03502,-0.0004023501825271055
0.03504,0.0008136261918465539
0.03506,0.01341253317806703
0.03508,0.004843201382563848
0.035100000000000006,0.0055599535029443505
0.035120000000000005,0.004579247933225953
0.035140000000000005,0.007193172468632141
0.035160000000000004,0.013301859528714075
0.03518,0.01701414993851627
0.0352,0.020426890399622415
0.03522,0.021742792257664206
0.03524,0.017067690356233286
0.03526,0.004604281139794218
0.035280000000000006,-0.0010693164694684908
0.035300000000000005,-0.0031482988598496107
0.035320000000000004,0.001562560162982259
0.03534,0.007871010587532748
0.03536,0.002397150768090897
0.03538,0.00780697308570137
0.0354,0.02360122903758062
0.03542,-0.007034856245290176
0.035440000000000006,-0.012708388969859964
0.035460000000000005,-0.01928055790361682
0.035480000000000005,-9.135282608645733e-05
0.035500000000000004,0.015203680314650744
0.03552,0.04238092241701849
0.03554,0.03940337819115956
0.03556,0.024343980597524677
0.03558,-0.007989490573072341
0.0356,-0.018256062418400925
0.035620000000000006,-0.008752286998655765
0.035640000000000005,0.0020495516094064855
0.035660000000000004,0.01075455165515639
0.03568,0.00807662240881555
0.0357,0.008593927496035141
0.03572,0.009111225825019637
0.03574,0.01951370931502703
0.03576,0.02182832749277342
0.035780000000000006,0.011561828917183683
0.035800000000000005,-0.0045958206849655535
0.035820000000000005,-0.002680588781059628
0.035840000000000004,0.01011834020346978
0.03586,0.012732557185178303
0.03588,0.01085351598040081
0.0359,0.011071344535910273
0.03592,0.01208797289961315
0.03594,0.008711210664625938
0.035960000000000006,0.002738346489004925
0.035980000000000005,-0.011222530297617227
0.036000000000000004,-0.009706620766113012
0.03602,0.0050893906056253095
0.03604,0.008702178080512742
0.03606,0.0023299589331294696
0.03608,0.01403062131551149
0.0361,0.03162246595350783
0.036120000000000006,0.014965698499265188
0.036140000000000005,0.008194101341377366
0.036160000000000005,0.012306186392094241
0.036180000000000004,0.012823672512897729
0.0362,0.009247311200956749
0.03622,-0.011403433168334101
0.03624,0.02296331686731
0.03626,0.02278188187873162
0.03628,0.019804654517383412
0.036300000000000006,0.005444512821563556
0.036320000000000005,0.0077593598444449805
0.036340000000000004,-0.0032058637021095474
0.03636,-0.00039175177420675
0.03638,0.023790335485332093
0.0364,0.028901015882827036
0.03642,0.014640776080071884
0.03644,-0.0013169212918281454
0.036460000000000006,-0.004493780189599552
0.036480000000000005,0.014496127900161351
0.036500000000000005,0.0205055085771156
0.036520000000000004,0.004048595551426884
0.03654,-0.014405303275649421
0.03656,0.010475796856043334
0.03658,0.015287008033627064
0.0366,0.03996841924623065
0.03662,0.018219489333138803
0.036640000000000006,-0.00552644127361695
0.036660000000000005,-0.006107107867562998
0.036680000000000004,-0.009283861436272172
0.0367,0.02438410870241435
0.03672,0.03598519588083956
0.03674,0.020726575713219446
0.03676,-0.0034187013235628463
0.03678,-0.022671307954378384
0.036800000000000006,0.012893859606140218
0.036820000000000006,0.020001721632580582
0.036840000000000005,0.032801060618386196
0.036860000000000004,0.015944891702032463
0.03688,0.00048663876680332674
0.0369,0.0010044207347757825
0.03692,0.003918615696650668
0.03694,0.007731478140261219
0.03696,0.02053086662505703
0.036980000000000006,0.008068145979941162
0.037000000000000005,0.003992865094865185
0.037020000000000004,0.00491010731793953
0.037040000000000003,-0.0032590275671031104
0.03706,0.0050471507719848235
0.03708,0.021740739075760393
0.0371,0.010576123055726762
0.03712,0.004304192372550531
0.037140000000000006,0.03098283517818355
0.037160000000000006,0.010432330357340714
0.037180000000000005,0.0006656551542238189
0.037200000000000004,-0.005007156154382006
0.03722,0.009489790669817411
0.03724,0.0206916967012441
0.03726,0.026701390801908666
0.03728,-0.0018370851305973285
0.0373,0.012460204356956312
0.037320000000000006,0.0018947805675601469
0.037340000000000005,0.002712302496655168
0.037360000000000004,0.014812902563639365
0.037380000000000004,-0.0008448489878409016
0.0374,0.005863856989859014
0.03742,0.015168666465938934
0.03744,0.025172453005880346
0.03746,-0.003765344134796721
0.037480000000000006,-0.00015196358086139866
0.037500000000000006,0.0021633702211923417
0.037520000000000005,-0.0018118426744735093
0.037540000000000004,0.010788080574198122
0.03756,0.026083974915548758
0.03758,0.020411321160497476
0.0376,0.003954854370487016
0.03762,-0.012601441888403564
0.03764,0.008885188013159217
0.037660000000000006,0.009103741583972022
0.037680000000000005,0.023301321205534388
0.037700000000000004,0.02451838841976725
0.037720000000000004,0.010358538485171924
0.03774,0.0018901506863927987
0.03776,0.002408288997594172
0.03778,0.01880262450773119
0.0378,0.023115091947115154
0.037820000000000006,0.022235347503536403
0.037840000000000006,0.005479437416624008
0.037860000000000005,0.011189837579172027
0.037880000000000004,0.006016557148132797
0.0379,0.02081334444671688
0.03792,0.01284428012025374
0.03794,0.013462346095427454
0.03796,0.013880715048088218
0.03798,0.011802849819031595
0.038000000000000006,0.007927674474560793
0.038020000000000005,0.010143386915205754
0.038040000000000004,0.015354598730154498
0.038060000000000004,0.012378107654375779
0.03808,0.019786050449287412
0.0381,0.008122601430092177
0.03812,0.0027497306654697233
0.03814,0.012354397900573631
0.038160000000000006,0.010576150961916093
0.038180000000000006,0.012492372177274334
0.038200000000000005,0.006420580974643633
0.038220000000000004,0.014427683450222875
0.03824,0.014047377687628416
0.03826,0.018559727556073415
0.03828,0.009093068056284286
0.0383,0.01150858795924123
0.03832,0.018217677213519495
0.038340000000000006,0.012645193079551413
0.038360000000000005,0.014960885414965553
0.038380000000000004,0.0014004121517673124
0.038400000000000004,0.00561327747630917
0.03842,0.011723307417136097
0.03844,0.02172749599443005
0.03846,0.016155062121941025
0.03848,0.012180249728293778
0.038500000000000006,0.01349750370989927
0.038520000000000006,0.011519702104874643
0.038540000000000005,0.014234880593699527
0.038560000000000004,0.0032705779782276918
0.03858,0.002890414636658678
0.0386,0.010997514068566996
0.03862,0.021001793034100436
0.03864,0.021420446521211063
0.03866,0.012752737937304776
0.038680000000000006,0.005482945486041754
0.038700000000000005,-0.005281592998525771
0.038720000000000004,0.00352452558903113
0.038740000000000004,0.023813412890289064
0.03876,0.02373286827951996
0.03878,0.016962381251690202
0.0388,0.0023037196344734036
0.03882,0.00951226715939521
0.038840000000000006,0.002442247317806524
0.038860000000000006,0.014942869658338681
0.038880000000000005,-0.0013133565047912278
0.038900000000000004,0.015380990967263442
0.03892,0.022090332060905087
0.03894,0.002439229398833358
0.03896,0.00455546830767958
0.03898,0.008568886778830453
0.039,0.017275255578215364
0.039020000000000006,0.017194835279844736
0.039040000000000005,0.011622645154282912
0.039060000000000004,0.016035493155029484
0.039080000000000004,0.019250132313477834
0.0391,0.014676479389732877
0.03912,0.007806267936385128
0.03914,0.02140537281766832
0.03916,0.02531899958056842
0.039180000000000006,0.011559157251263233
0.039200000000000006,0.014374466102990256
0.039220000000000005,0.013595161380145326
0.039240000000000004,0.024498345673885577
0.03926,0.0026506636543375695
0.03928,0.003568850042322923
0.0393,0.006084628171790512
0.03932,0.02088201141098233
0.03934,0.006822678600169629
0.039360000000000006,0.00923864430159139
0.039380000000000005,0.013551774695297954
0.039400000000000004,0.015368656119914944
0.039420000000000004,0.01698585554017226
0.03944,0.01890259165991792
0.03946,0.00843793160123318
0.03948,0.004862936190039163
0.0395,-1.0105810999895548e-05
0.039520000000000007,0.000908167148064274
0.039540000000000006,0.01380848719022334
0.039560000000000005,0.012829635745337704
0.039580000000000004,0.017242688540484583
0.0396,0.020757120379200814
0.03962,0.023772297284159652
0.03964,0.02449093060064013
0.03966,0.023911517339429797
0.03968,0.02612791312146567
0.039700000000000006,0.006277426188187391
0.039720000000000005,-0.014771254637112437
0.039740000000000004,-0.027931773785956127
0.039760000000000004,-0.0111371953599694
0.03978,0.021533565523179754
0.0398,0.03563218323099254
0.03982,0.04503786752182163
0.03984,0.045057631789611946
0.03986000000000001,0.025007507372638092
0.039880000000000006,0.007553501552734268
0.039900000000000005,0.015261754029409401
0.039920000000000004,0.005196684788958876
0.03994,0.019694772662242573
0.03996,0.02171159681237858
0.03998,0.010148792649240032
0.04,0.0059749165784098
0.04002,-0.0027920700157789344
0.040040000000000006,0.007312661597769693
0.040060000000000005,0.006234154745945718
0.040080000000000005,0.008350882592865337
0.040100000000000004,0.01555997157622611
0.04012,0.04593432485377073
0.04014,0.02937907388619415
0.04016,0.032194789639763584
0.04018,0.009448838477546058
0.04020000000000001,0.002379394243416785
0.040220000000000006,-0.0031922959603511974
0.040240000000000005,0.01250412190020072
0.040260000000000004,0.014321368325552752
0.04028,0.019233981881827043
0.0403,0.014860543031009945
0.04032,0.009288895431076848
0.04034,0.015399736929873615
0.04036,0.020312384583579885
0.040380000000000006,0.008749750705178434
0.040400000000000005,0.019952970416487498
0.040420000000000005,-0.0001967534641055379
0.040440000000000004,0.012504243725275461
0.04046,0.01591917361782627
0.04048,0.01993321323122426
0.0405,0.016358651328025123
0.04052,0.008889947705594845
0.04054000000000001,0.0031186885975306774
0.040560000000000006,0.006933071904107704
0.040580000000000005,0.022230238964129807
0.040600000000000004,0.014162453420361964
0.04062,0.006494087146157752
0.04064,0.0033189808611898044
0.04066,0.003538799777583977
0.04068,0.015940341420239902
0.0407,0.018756287541808702
0.040720000000000006,0.02676444752517316
0.040740000000000005,0.011207949552232022
0.040760000000000005,0.005636504732584948
0.040780000000000004,-0.009520565404897032
0.0408,0.00817308555288029
0.04082,0.016980094864881883
0.04084,0.02868276598498736
0.04086,0.03119920761628787
0.04088000000000001,0.028024218897280195
0.040900000000000006,0.0018836734188571146
0.040920000000000005,0.005498505334995605
0.040940000000000004,0.0035217297837865005
0.04096,0.02281306234754109
0.04098,0.018839309916209256
0.041,0.02644819394863939
0.04102,0.023472940769322992
0.04104,0.0120104417828185
0.041060000000000006,0.006339272768490519
0.041080000000000005,0.009454924755525949
0.041100000000000005,0.023753802488472586
0.041120000000000004,0.014787595235840173
0.04114,0.00771855280252055
0.04116,0.005442328437693487
0.04118,0.01185307239981451
0.0412,0.01746503329977001
0.04122000000000001,0.010096467159447724
0.041240000000000006,0.008619068783425332
0.041260000000000005,0.019922524161466892
0.041280000000000004,0.024436154822389256
0.0413,0.013373178145188179
0.04132,-0.0003857676270381822
0.04134,0.0023306001560787406
0.04136,0.009540227977571085
0.04138,0.027833243783711676
0.041400000000000006,0.03763899890562842
0.041420000000000005,0.015492679516173788
0.041440000000000005,0.004230057654170661
0.041460000000000004,0.011839124296312828
0.04148,0.02164491382387137
0.0415,0.01627347694883434
0.04152,0.021386326881852033
0.04154,-0.0030564929454425446
0.04156000000000001,0.01174184585742092
0.041580000000000006,0.027139279554827853
0.041600000000000005,0.0349481118103772
0.041620000000000004,0.029576726590856375
0.04164,0.0012397995624579012
0.04166,-0.009623331781541615
0.04168,0.017856036283097742
0.0417,0.024267003880113172
0.04172,0.022590121538360868
0.041740000000000006,0.004038561933300532
0.041760000000000005,0.008452561372400589
0.041780000000000005,0.018657875929935168
0.041800000000000004,0.02686619019179611
0.04182,0.017001639725012712
0.04184,-0.0009507904752118733
0.04186,0.009953512453068202
0.04188,0.02275498024901748
0.04190000000000001,0.033160051932148306
0.041920000000000006,0.02918670378774733
0.041940000000000005,0.009437013181991529
0.041960000000000004,0.019642405401471875
0.04198,0.009478365939189754
0.042,0.009199512129803824
0.04202,0.023898181702105264
0.04204,0.006045705419245973
0.04206,0.010859230155940279
0.042080000000000006,0.023860489674260098
0.042100000000000005,0.006008024415047249
0.042120000000000005,0.011320823584896002
0.042140000000000004,0.014237241558016478
0.04216,0.017652901781149595
0.04218,0.013779503741302062
0.0422,0.0042146605359366755
0.04222,0.027999801924348883
0.04224000000000001,0.016937215605552097
0.042260000000000006,0.01406236407942977
0.042280000000000005,0.02526640652402408
0.042300000000000004,0.029780476997592682
0.04232,0.02870295499410431
0.04234,-0.001730531357184208
0.04236,0.0019847734419079204
0.04238,0.024372076341815117
0.0424,0.019999539904199285
0.042420000000000006,0.025112763519333087
0.042440000000000005,0.019741732497056803
0.042460000000000005,0.0061829989005948455
0.042480000000000004,0.0036077857755298717
0.0425,0.007223298537819535
0.04252,0.04329013668262851
0.04254,0.04331105966777288
0.04256,0.02715625930694463
0.04258000000000001,-0.0038762242470887186
0.042600000000000006,-0.01583729896263393
0.042620000000000005,-0.0041338607144543425
0.042640000000000004,0.02903737621658234
0.042660000000000003,0.035648464286592116
0.04268,0.019194157930371485
0.0427,0.018016947941355405
0.04272,0.012046937145865567
0.04274,0.013865250446827652
0.042760000000000006,0.012188817996379261
0.042780000000000006,0.014007148662934005
0.042800000000000005,0.01792234961488356
0.042820000000000004,0.00885702362608616
0.04284,0.0280493147377927
0.04286,0.026073367672174864
0.04288,0.00931960501299621
0.0429,0.011237840484954912
0.04292000000000001,0.006266413560999705
0.042940000000000006,0.014475236318257033
0.042960000000000005,0.016593188328816323
0.042980000000000004,0.023204415378181985
0.043000000000000003,0.02412419730890068
0.04302,0.013561197824103925
0.04304,0.019373659317448902
0.04306,0.01180618315895412
0.04308,0.01751880937067412
0.043100000000000006,0.011848506852491586
0.043120000000000006,0.029942570007636067
0.043140000000000005,0.011591322213867442
0.043160000000000004,0.00971535828372657
0.04318,0.004644191768117121
0.0432,0.017446231753410143
0.04322,0.03464169410965107
0.04324,0.03156756263786688
0.04326000000000001,0.005527889453632808
0.043280000000000006,0.013736845252384874
0.043300000000000005,0.013158997338862902
0.043320000000000004,0.011582661129529603
0.043340000000000004,0.009706775591260831
0.04336,0.02380694032401765
0.04338,0.022130777580384897
0.0434,0.03483305201368587
0.04342,0.022273232681117264
0.043440000000000006,0.027187194236604588
0.043460000000000006,0.006739224248345483
0.043480000000000005,0.013849932429996424
0.043500000000000004,0.010076960408015239
0.04352,0.02537539727570804
0.04354,0.021402737340688267
0.04356,0.016331751342603697
0.04358,0.016452964480480076
0.04360000000000001,0.007787388823152419
0.043620000000000006,0.014598600044761994
0.043640000000000005,0.016816700971509568
0.043660000000000004,0.017337359753423407
0.043680000000000004,0.024248449850397105
0.0437,0.015483050267746762
0.04372,0.011909879630612774
0.04374,0.016823987011329845
0.04376,0.026930308438445134
0.043780000000000006,0.012673195347683814
0.043800000000000006,0.006603802234346095
0.043820000000000005,0.008921834461764255
0.043840000000000004,0.018129546517032944
0.04386,0.023043706332145492
0.04388,0.015875998492725824
0.0439,0.007110686300673108
0.04392,0.01472083513327013
0.04394000000000001,0.015141763580726487
0.043960000000000006,0.022951620366687762
0.043980000000000005,0.016283204759917208
0.044000000000000004,0.018002229404076007
0.044020000000000004,0.024214499339558555
0.04404,0.025534130759214346
0.04406,0.01766754778111373
0.04408,0.011398586651772125
0.0441,0.013716741338267904
0.044120000000000006,0.023423824371138387
0.044140000000000006,0.01885234038144328
0.044160000000000005,0.023067677572817732
0.044180000000000004,0.012904580161238108
0.0442,0.023110961627471102
0.04422,0.012947881733522942
0.04424,0.016564152774356064
0.04426,0.015986724275803457
0.04428000000000001,0.013711853663170738
0.044300000000000006,0.018326662900907533
0.044320000000000005,0.01874775770094328
0.044340000000000004,0.02645792817671682
0.044360000000000004,0.024582488445646332
0.04438,0.015717548614182973
0.0444,0.006053811002405259
0.04442,0.0163601266530378
0.04444,0.022472742772743578
0.044460000000000006,0.02549000905288617
0.044480000000000006,0.02131806987495807
0.044500000000000005,0.0292280158665953
0.044520000000000004,0.009779006546001778
0.04454,0.009501258846386708
0.04456,-0.0027585186951916488
0.04458,0.02052840276491086
0.0446,0.01605695819178187
0.04462000000000001,0.019373852713089376
0.044640000000000006,0.020494041731156924
0.044660000000000005,0.014524877980496627
0.044680000000000004,0.023233694611915608
0.044700000000000004,0.014568600537822425
0.04472,0.014989870813086465
0.04474,0.029689740550786634
0.04476,0.026915817102157936
0.04478,0.007566774598522117
0.044800000000000006,0.01737400852377478
0.044820000000000006,0.02358664412102517
0.044840000000000005,0.026703929895785156
0.044860000000000004,0.014244578727151885
0.04488,0.020557093371156944
0.0449,0.012790731488575919
0.04492,0.021299963094841688
0.04494,0.02012373183915061
0.04496000000000001,0.01824855550933748
0.044980000000000006,0.0025940606998443496
0.045000000000000005,0.025481755938323115
0.045020000000000004,0.02330706284980502
0.045040000000000004,0.010048999169662457
0.04506,0.013465924807794925
0.04508,0.035954259409397483
0.0451,0.02419396763690457
0.04512,0.00554402847788882
0.045140000000000007,0.023339432673001727
0.045160000000000006,0.017070930655084207
0.045180000000000005,0.02727772749927024
0.045200000000000004,0.03069472964139302
0.04522,0.01214468717382184
0.04524,0.00977038552732419
0.04526,0.012388592633694868
0.04528,0.024991838243612403
0.04530000000000001,0.030605583793200518
0.045320000000000006,0.018445993037724744
0.045340000000000005,0.02405975620358475
0.045360000000000004,0.0236825163207883
0.045380000000000004,0.01741411117012546
0.0454,0.013741824935886394
0.04542,0.01645997009596803
0.04544,0.03135983824565812
0.04546,0.028386532315804916
0.04548000000000001,0.015228515041406248
0.045500000000000006,0.019444440969971378
0.045520000000000005,0.01876771354655882
0.045540000000000004,0.01020282684294087
0.04556,0.010324923601083842
0.04558,0.020032648149866005
0.0456,0.024947572030878575
0.04562,0.0200771803961683
0.04564000000000001,0.015506355625065941
0.045660000000000006,0.01862400240906344
0.045680000000000005,0.02064329342308648
0.045700000000000005,0.0205657614609238
0.045720000000000004,0.026279529916374743
0.04574,0.023905448637970006
0.04576,0.010348159016289932
0.04578,0.012766904874162691
0.0458,0.015185659558072776
0.04582000000000001,0.02788899590848284
0.045840000000000006,0.023118554017058184
0.045860000000000005,0.02374003162602673
0.045880000000000004,0.018270653524769993
0.0459,0.024583602606799593
0.04592,0.02081170794291564
0.04594,0.019436211952112797
0.04596,0.020656834898574377
0.04598000000000001,0.013889445899782561
0.046000000000000006,0.00492536635326133
0.046020000000000005,0.016530441320053317
0.046040000000000005,0.027935819759056887
0.046060000000000004,0.02835768032658595
0.04608,0.021989746225078082
0.0461,0.01432376590740185
0.04612,0.009154036950186547
0.04614,0.015067696218770528
0.04616000000000001,0.027172081546278697
0.046180000000000006,0.026994908854784373
0.046200000000000005,0.020926570925259326
0.046220000000000004,0.010065432349966175
0.04624,0.011985132880046642
0.04626,0.02388985704832496
0.04628,0.02451152021018606
0.0463,0.02193798092398417
0.04632000000000001,0.019464303162842013
0.046340000000000006,0.022682102961913475
0.046360000000000005,0.017113084280352762
0.046380000000000005,0.020330901770441397
0.046400000000000004,0.022650068877716496
0.04642,0.017780030602506363
0.04644,0.020698331491568606
0.04646,0.02820973045189476
0.04648,0.025236874960304738
0.04650000000000001,0.02266343904295392
0.046520000000000006,0.017893282792621347
0.046540000000000005,0.015120159213993647
0.046560000000000004,0.0134453941772407
0.04658,0.03393738186708203
0.0466,0.031963076491541786
0.04662,0.021102114863429753
0.04664,0.02102499833469777
0.04666000000000001,0.014857011220092992
0.046680000000000006,0.016677053738213835
0.046700000000000005,0.014503087272511983
0.046720000000000005,0.024011625137817794
0.046740000000000004,0.01734442494217177
0.04676,0.01896479752389706
0.04678,0.02198308669746429
0.0468,0.028795697206639333
0.04682,-0.0028340268985560697
0.04684000000000001,0.016959136955723618
0.046860000000000006,0.01847970115159528
0.046880000000000005,0.02199728312793637
0.046900000000000004,0.02301863144239597
0.04692,0.021543716293206727
0.04694,0.012080804129894967
0.04696,0.023586442332503028
0.04698,0.02940062068295627
0.04700000000000001,0.025629203825847498
0.047020000000000006,0.01307095360635004
0.047040000000000005,0.020782329690297092
0.047060000000000005,0.030091297933818695
0.047080000000000004,0.024522612980883294
0.0471,0.019752713640456408
0.04712,0.012187037501750413
0.04714,0.017002789770246607
0.04716,0.021519007764689693
0.04718000000000001,0.032525494990535725
0.047200000000000006,0.02006717725719997
0.047220000000000005,0.0231855141255815
0.047240000000000004,0.010327818308850838
0.04726,0.01813912972354459
0.04728,0.010273966497599764
0.0473,0.019483203389276404
0.04732,0.022601584614077047
0.04734000000000001,0.022424925640324285
0.047360000000000006,0.020450957081257798
0.047380000000000005,0.010289286157055216
0.047400000000000005,0.022394220662766137
0.047420000000000004,0.028807695327488905
0.04744,0.026434366442704135
0.04746,0.022163890194984364
0.04748,0.016595367770593047
0.0475,0.025005901759598728
0.04752000000000001,0.025927657451384575
0.047540000000000006,0.027148980064109755
0.047560000000000005,0.022978400882557
0.047580000000000004,0.01910737372167938
0.0476,0.021526925341067475
0.04762,0.0231476941927371
0.04764,0.03305603584410285
0.04766,0.02618953827205263
0.04768000000000001,0.022418408190690832
0.047700000000000006,0.01575163374245488
0.047720000000000005,0.022165256483169804
0.047740000000000005,0.020291309284499227
0.047760000000000004,0.020114821844275516
0.04778,0.026927867055098607
0.0478,0.02205844057529681
0.04782,0.023679283341553233
0.04784,0.02260418710612959
0.04786000000000001,0.020830145887977117
0.047880000000000006,0.009170936538189392
0.047900000000000005,0.0144862895392582
0.047920000000000004,0.02659145493067217
0.04794,0.02801264564349588
0.04796,0.03582428272627532
0.04798,0.0202709526471306
0.048,0.01370416414304497
0.04802000000000001,0.01921926092337968
0.048040000000000006,0.01784469550410325
0.048060000000000005,0.0226608710943119
0.048080000000000005,0.02867524304333468
0.048100000000000004,0.02620235459875145
0.04812,0.023829327724416156
0.04814,0.029644020978378798
0.04816,0.023676404768470147
0.04818,0.017209548944045288
0.04820000000000001,0.014936410310670618
0.048220000000000006,0.025743653974500003
0.048240000000000005,0.02956138276102934
0.048260000000000004,0.033079592197853454
0.04828,0.022419057627282954
0.0483,0.015652712008239353
0.04832,0.025361650440486688
0.04834,0.023587822554120154
0.04836000000000001,0.032997220728636284
0.048380000000000006,0.032821008823706324
0.048400000000000006,0.020762634777594973
0.048420000000000005,0.019288400508626888
0.048440000000000004,0.02340577626722284
0.04846,0.032515675769032984
0.04848,0.0319401125116936
0.0485,0.028369052220428934
0.04852,0.02160278953319354
0.04854000000000001,0.017632351209405314
0.048560000000000006,0.023547083896593497
0.048580000000000005,0.0259670710462925
0.048600000000000004,0.032281232250665745
0.048620000000000003,0.024915912858327043
0.04864,0.02254311721160686
0.04866,0.026860296186988375
0.04868,0.023588859105546228
0.04870000000000001,0.021915044017980743
0.048720000000000006,0.02733059937671425
0.048740000000000006,0.02056443455526216
0.048760000000000005,0.024482262196522445
0.048780000000000004,0.02360727434879256
0.0488,0.015243538027941459
0.04882,0.023454953347292626
0.04884,0.022280449054237723
0.04886,0.02360221108496211
0.04888000000000001,0.02602233170575625
0.048900000000000006,0.03493272158901182
0.048920000000000005,0.030862599647053002
0.048940000000000004,0.028589775261559577
0.048960000000000004,0.02252266220053621
0.04898,0.026540440418697395
0.049,0.013683526752963505
0.04902,0.03297839556016406
0.04904000000000001,0.01782494763450303
0.049060000000000006,0.028333021819497064
0.049080000000000006,0.015176600616343449
0.049100000000000005,0.024985738737501508
0.049120000000000004,0.021514792090571895
0.04914,0.02563249420098783
0.04916,0.023958883816690223
0.04918,0.026578828415245722
0.0492,0.025005088516781484
0.04922000000000001,0.022832241433908825
0.049240000000000006,0.018462718774012184
0.049260000000000005,0.01369379429229972
0.049280000000000004,0.016912884590084172
0.049300000000000004,0.02622286323126107
0.04932,0.031039584431578383
0.04934,0.02746889793404774
0.04936,0.020303613225176254
0.04938000000000001,0.015335036800744366
0.049400000000000006,0.017755388871891743
0.049420000000000006,0.009891177007085632
0.049440000000000005,0.01510736235373988
0.049460000000000004,0.02411785418033697
0.04948,0.02673794722956174
0.0495,0.028259684591378044
0.04952,0.03257724632531201
0.04954,0.032102007477228627
0.04956000000000001,0.024537401084015982
0.049580000000000006,0.025260382416520524
0.049600000000000005,0.01779566141477401
0.049620000000000004,0.018718351017728826
0.049640000000000004,0.006760381481343282
0.04966,0.01876646828171937
0.04968,0.03306911604900949
0.0497,0.03618855555338511
0.04972000000000001,0.025628529370547708
0.049740000000000006,0.02095967126958383
0.049760000000000006,0.024478533312575015
0.049780000000000005,0.028097256941863283
0.049800000000000004,0.023727968698625642
0.04982,0.02345255988119151
0.04984,0.017785234395651696
0.04986,0.0172102853452524
0.04988,0.026820065358726507
0.04990000000000001,0.02774289453401906
0.049920000000000006,0.02746751860151833
0.049940000000000005,0.034880622690493135
0.049960000000000004,0.036502423135563754
0.049980000000000004,0.011863623678791435
